Symbol,Name,LastSale,MarketCap,ADR TSO,IPOyear,Sector,Industry,Summary Quote
XXII,"22nd Century Group, Inc",2.66,328680551.2,n/a,n/a,Consumer Non-Durables,Farming/Seeds/Milling,https://www.nasdaq.com/symbol/xxii
FAX,Aberdeen Asia-Pacific Income Fund Inc,4.78,1205185339,n/a,1986,n/a,n/a,https://www.nasdaq.com/symbol/fax
IAF,Aberdeen Australia Equity Fund Inc,6.44,146460579.4,n/a,n/a,n/a,n/a,https://www.nasdaq.com/symbol/iaf
CH,"Aberdeen Chile Fund, Inc.",9.42,88149439.8,n/a,n/a,n/a,n/a,https://www.nasdaq.com/symbol/ch
ABE           ,Aberdeen Emerging Markets Smaller Company Opportunities Fund I,15.17,143884613.2,n/a,n/a,n/a,n/a,https://www.nasdaq.com/symbol/abe
FCO,"Aberdeen Global Income Fund, Inc.",8.69,75818416.41,n/a,1992,n/a,n/a,https://www.nasdaq.com/symbol/fco
IF,"Aberdeen Indonesia Fund, Inc.",7.86,72761631.3,n/a,1990,n/a,n/a,https://www.nasdaq.com/symbol/if
ISL,"Aberdeen Israel Fund, Inc.",20.062,79153979.02,n/a,1992,n/a,n/a,https://www.nasdaq.com/symbol/isl
ACU,Acme United Corporation.,24.0501,81146504.46,n/a,1988,Capital Goods,Industrial Machinery/Components,https://www.nasdaq.com/symbol/acu
ATNM,"Actinium Pharmaceuticals, Inc.",0.55,44040095,n/a,n/a,Health Care,Major Pharmaceuticals,https://www.nasdaq.com/symbol/atnm
AE,"Adams Resources & Energy, Inc.",41.99,177096856,n/a,n/a,Energy,Oil Refining/Marketing,https://www.nasdaq.com/symbol/ae
ACY,AeroCentury Corp.,14.78,20938811.22,n/a,n/a,Technology,Diversified Commercial Services,https://www.nasdaq.com/symbol/acy
AIRI,Air Industries Group,1.36,33809900.56,n/a,n/a,Capital Goods,Military/Government/Technical,https://www.nasdaq.com/symbol/airi
AXU,Alexco Resource Corp,1.31,132696515.5,n/a,n/a,Basic Industries,Precious Metals,https://www.nasdaq.com/symbol/axu
ALO,Alio Gold Inc.,2.61,116611409.6,n/a,2011,Basic Industries,Precious Metals,https://www.nasdaq.com/symbol/alo
AAU,"Almaden Minerals, Ltd.",0.9021,92194281.71,n/a,2015,Basic Industries,Precious Metals,https://www.nasdaq.com/symbol/aau
APT,"Alpha Pro Tech, Ltd.",3.7,56075435.1,n/a,n/a,Health Care,Industrial Specialties,https://www.nasdaq.com/symbol/apt
AAMC,Altisource Asset Management Corp,68,108456124,n/a,n/a,Finance,Real Estate,https://www.nasdaq.com/symbol/aamc
DIT,AMCON Distributing Company,87.5,60417525,n/a,n/a,Consumer Non-Durables,Food Distributors,https://www.nasdaq.com/symbol/dit
ALN,American Lorain Corporation,0.193,7386948.971,n/a,n/a,Consumer Non-Durables,Packaged Foods,https://www.nasdaq.com/symbol/aln
AMS,American Shared Hospital Services,2.6,14846000,n/a,n/a,Health Care,Medical Specialities,https://www.nasdaq.com/symbol/ams
USAS,Americas Silver Corporation,3.68,152821678.4,n/a,2017,Basic Industries,Precious Metals,https://www.nasdaq.com/symbol/usas
AMPE,"Ampio Pharmaceuticals, Inc.",2.57,195170449.1,n/a,n/a,Health Care,Major Pharmaceuticals,https://www.nasdaq.com/symbol/ampe
APHB,AmpliPhi Biosciences Corporation,1.31,17683595.68,n/a,n/a,Health Care,Biotechnology: Biological Products (No Diagnostic Substances),https://www.nasdaq.com/symbol/aphb
ARNC^,Arconic Inc.,88.2,0,n/a,n/a,n/a,n/a,https://www.nasdaq.com/symbol/arnc^
AKG,Asanko Gold Inc.,0.8927,181619776.6,n/a,n/a,Basic Industries,Mining & Quarrying of Nonmetallic Minerals (No Fuels),https://www.nasdaq.com/symbol/akg
AINC,Ashford Inc.,97.5,204040297.5,n/a,2014,Consumer Services,Professional Services,https://www.nasdaq.com/symbol/ainc
ASB.WS,Associated Banc-Corp,n/a,0,n/a,n/a,n/a,n/a,https://www.nasdaq.com/symbol/asb.ws
AST,"Asterias Biotherapeutics, Inc.",2.2,119132512.4,n/a,n/a,Health Care,Biotechnology: Biological Products (No Diagnostic Substances),https://www.nasdaq.com/symbol/ast
AUG,Auryn Resources Inc.,1.51,118914357.3,n/a,n/a,Basic Industries,Precious Metals,https://www.nasdaq.com/symbol/aug
AWX,Avalon Holdings Corporation,2.18,8291261.58,n/a,n/a,Public Utilities,Environmental Services,https://www.nasdaq.com/symbol/awx
ASM,Avino Silver,1.33,70115143.49,n/a,n/a,Basic Industries,Precious Metals,https://www.nasdaq.com/symbol/asm
BTG,B2Gold Corp,3.02,2962417382,n/a,n/a,Basic Industries,Precious Metals,https://www.nasdaq.com/symbol/btg
BTN,"Ballantyne Strong, Inc",5.15,74242606,n/a,n/a,Miscellaneous,Industrial Machinery/Components,https://www.nasdaq.com/symbol/btn
BKJ,"Bancorp of New Jersey, Inc",17.5363,120561010.3,n/a,n/a,Finance,Major Banks,https://www.nasdaq.com/symbol/bkj
BCV,Bancroft Fund Limited,21.39,112295361,n/a,n/a,n/a,n/a,https://www.nasdaq.com/symbol/bcv
BCV^A,Bancroft Fund Limited,24.7695,0,n/a,n/a,n/a,n/a,https://www.nasdaq.com/symbol/bcv^a
BHB,"Bar Harbor Bankshares, Inc.",28.45,439353350,n/a,n/a,Finance,Major Banks,https://www.nasdaq.com/symbol/bhb
BRN,"Barnwell Industries, Inc.",2.09,17299264.4,n/a,n/a,Energy,Oil & Gas Production,https://www.nasdaq.com/symbol/brn
BGSF,BG Staffing Inc,17.3,151537204.8,n/a,n/a,Technology,Professional Services,https://www.nasdaq.com/symbol/bgsf
BPMX,BioPharmX Corporation,0.163,20783956.89,n/a,2015,Health Care,Major Pharmaceuticals,https://www.nasdaq.com/symbol/bpmx
BTX,"BioTime, Inc.",2.74,347611870,n/a,n/a,Health Care,Biotechnology: Biological Products (No Diagnostic Substances),https://www.nasdaq.com/symbol/btx
BTX.WS,"BioTime, Inc.",n/a,0,n/a,n/a,n/a,n/a,https://www.nasdaq.com/symbol/btx.ws
BGI,Birks Group Inc.,1.2,21553057.2,n/a,n/a,Consumer Services,Consumer Specialties,https://www.nasdaq.com/symbol/bgi
BZM,BlackRock Maryland Municipal Bond Trust,13.2982,27650428.63,n/a,2002,n/a,n/a,https://www.nasdaq.com/symbol/bzm
MHE,BlackRock Massachusetts Tax-Exempt Trust,13.6437,32298840.16,n/a,1993,n/a,n/a,https://www.nasdaq.com/symbol/mhe
BLE,BlackRock Municipal Income Trust II,13.57,318899464.5,n/a,2002,n/a,n/a,https://www.nasdaq.com/symbol/ble
BLJ,Blackrock New Jersey Municipal Bond Trust,13.75,32008913.75,n/a,2002,n/a,n/a,https://www.nasdaq.com/symbol/blj
BFY,BlackRock New York Municipal Income Trust II,13.83,69214295.67,n/a,2002,n/a,n/a,https://www.nasdaq.com/symbol/bfy
BHV,BlackRock Virginia Municipal Bond Trust,16.25,26012983.75,n/a,2002,n/a,n/a,https://www.nasdaq.com/symbol/bhv
BDR,"Blonder Tongue Laboratories, Inc.",0.62,5035537.7,n/a,n/a,Technology,Radio And Television Broadcasting And Communications Equipment,https://www.nasdaq.com/symbol/bdr
BRG,"Bluerock Residential Growth REIT, Inc.",7.74,188043005.9,n/a,2014,Consumer Services,Real Estate Investment Trusts,https://www.nasdaq.com/symbol/brg
BRG^A,"Bluerock Residential Growth REIT, Inc.",25.3867,0,n/a,n/a,n/a,n/a,https://www.nasdaq.com/symbol/brg^a
BRG^C,"Bluerock Residential Growth REIT, Inc.",24.6015,0,n/a,n/a,n/a,n/a,https://www.nasdaq.com/symbol/brg^c
BRG^D,"Bluerock Residential Growth REIT, Inc.",23.25,0,n/a,n/a,n/a,n/a,https://www.nasdaq.com/symbol/brg^d
BVX,Bovie Medical Corporation,2.52,82809178.2,n/a,n/a,Health Care,Medical/Dental Instruments,https://www.nasdaq.com/symbol/bvx
BWL.A,"Bowl America, Inc.",n/a,0,n/a,n/a,n/a,n/a,https://www.nasdaq.com/symbol/bwl.a
CMCL,Caledonia Mining Corporation Plc,7.35,77933174.55,n/a,n/a,Basic Industries,Precious Metals,https://www.nasdaq.com/symbol/cmcl
CEI,"Camber Energy, Inc.",0.0911,8486958.354,n/a,n/a,Energy,Oil & Gas Production,https://www.nasdaq.com/symbol/cei
CANF,Can-Fite Biopharma Ltd,1.83,29929558.5,n/a,n/a,Health Care,Major Pharmaceuticals,https://www.nasdaq.com/symbol/canf
ROX,"Castle Brands, Inc.",1.24,206015879.1,n/a,2006,Consumer Non-Durables,Beverages (Production/Distribution),https://www.nasdaq.com/symbol/rox
CAW,"CCA Industries, Inc.",3,21020052,n/a,n/a,Consumer Non-Durables,Package Goods/Cosmetics,https://www.nasdaq.com/symbol/caw
CVM,Cel-Sci Corporation,1.8,29882806.2,n/a,n/a,Health Care,Biotechnology: Biological Products (No Diagnostic Substances),https://www.nasdaq.com/symbol/cvm
CVM.WS,Cel-Sci Corporation,n/a,0,n/a,n/a,n/a,n/a,https://www.nasdaq.com/symbol/cvm.ws
CET,Central Securities Corporation,27.2,674862763.2,n/a,n/a,n/a,n/a,https://www.nasdaq.com/symbol/cet
LEU,Centrus Energy Corp.,3.6277,32789877,n/a,2014,Basic Industries,Mining & Quarrying of Nonmetallic Minerals (No Fuels),https://www.nasdaq.com/symbol/leu
CCF,Chase Corporation,109.1,1022795044,n/a,n/a,Consumer Durables,Building Products,https://www.nasdaq.com/symbol/ccf
CQH,"Cheniere Energy Partners LP Holdings, LLC",27.63,6401871000,n/a,2013,Public Utilities,Oil/Gas Transmission,https://www.nasdaq.com/symbol/cqh
CQP,"Cheniere Energy Partners, LP",30,14520048690,n/a,2007,Public Utilities,Oil/Gas Transmission,https://www.nasdaq.com/symbol/cqp
LNG,"Cheniere Energy, Inc.",55.71,13240299211,n/a,n/a,Public Utilities,Oil/Gas Transmission,https://www.nasdaq.com/symbol/lng
CVR,Chicago Rivet & Machine Co.,33,31882356,n/a,n/a,Technology,Industrial Machinery/Components,https://www.nasdaq.com/symbol/cvr
CPHI,"China Pharma Holdings, Inc.",0.4195,18281624.16,n/a,n/a,Health Care,Major Pharmaceuticals,https://www.nasdaq.com/symbol/cphi
XNY,China Xiniya Fashion Limited,4.76,22581901.72,n/a,2010,Consumer Non-Durables,Apparel,https://www.nasdaq.com/symbol/xny
CISN.WS,Cision Ltd.,n/a,0,n/a,n/a,n/a,n/a,https://www.nasdaq.com/symbol/cisn.ws
CKX,"CKX Lands, Inc.",10.388,20178638.06,n/a,n/a,Energy,Oil & Gas Production,https://www.nasdaq.com/symbol/ckx
GLV,Clough Global Dividend and Income Fund,13.1799,92344139.02,n/a,2004,n/a,n/a,https://www.nasdaq.com/symbol/glv
GLQ,Clough Global Equity Fund,13.54,149287856.1,n/a,2005,n/a,n/a,https://www.nasdaq.com/symbol/glq
GLO,Clough Global Opportunities Fund,10.97,353501799.6,n/a,2006,n/a,n/a,https://www.nasdaq.com/symbol/glo
COHN,Cohen & Company Inc.,10.99,13834585.66,n/a,n/a,Finance,Investment Bankers/Brokers/Service,https://www.nasdaq.com/symbol/cohn
MOC,Command Security Corporation,3.1,31332034.8,n/a,n/a,Consumer Services,Diversified Commercial Services,https://www.nasdaq.com/symbol/moc
CIX,CompX International Inc.,14.25,177072024.8,n/a,1998,Capital Goods,Industrial Machinery/Components,https://www.nasdaq.com/symbol/cix
LODE,"Comstock Mining, Inc.",0.3069,14810043.53,n/a,n/a,Basic Industries,Precious Metals,https://www.nasdaq.com/symbol/lode
CDOR,"Condor Hospitality Trust, Inc.",10.08,119282415.8,n/a,n/a,Consumer Services,Real Estate Investment Trusts,https://www.nasdaq.com/symbol/cdor
CTO,Consolidated-Tomoka Land Co.,62.6,349579371,n/a,n/a,Finance,Real Estate,https://www.nasdaq.com/symbol/cto
MCF,Contango Oil & Gas Company,3.25,82906824,n/a,n/a,Energy,Oil & Gas Production,https://www.nasdaq.com/symbol/mcf
CUO,Continental Materials Corporation,19.1,32129389.7,n/a,n/a,Capital Goods,Building Materials,https://www.nasdaq.com/symbol/cuo
CMT,Core Molding Technologies Inc,18.88,148252783.4,n/a,n/a,Consumer Non-Durables,Plastic Products,https://www.nasdaq.com/symbol/cmt
CVRS,"Corindus Vascular Robotics, Inc.",1.03,194364006.6,n/a,2015,Health Care,Medical/Dental Instruments,https://www.nasdaq.com/symbol/cvrs
CRMD,CorMedix Inc,0.3188,21367703.58,n/a,n/a,Health Care,Major Pharmaceuticals,https://www.nasdaq.com/symbol/crmd
CRF,"Cornerstone Strategic Return Fund, Inc. (The)",15.35,342205163.6,n/a,n/a,n/a,n/a,https://www.nasdaq.com/symbol/crf
CLM,"Cornerstone Strategic Value Fund, Inc.",15.4119,678490017.9,n/a,1987,n/a,n/a,https://www.nasdaq.com/symbol/clm
CVU,"CPI Aerostructures, Inc.",8.35,73989233.1,n/a,n/a,Capital Goods,Military/Government/Technical,https://www.nasdaq.com/symbol/cvu
CIK,"Credit Suisse Asset Management Income Fund, Inc.",3.2327,169043588.7,n/a,n/a,n/a,n/a,https://www.nasdaq.com/symbol/cik
DHY,Credit Suisse High Yield Bond Fund,2.71,271126375.4,n/a,1998,n/a,n/a,https://www.nasdaq.com/symbol/dhy
CRHM,CRH Medical Corporation,2.825,206277511.1,n/a,2015,Health Care,Medical/Dental Instruments,https://www.nasdaq.com/symbol/crhm
CRVP,"Crystal Rock Holdings, Inc.",0.968,20674941.85,n/a,n/a,Consumer Non-Durables,Food Distributors,https://www.nasdaq.com/symbol/crvp
CTEK,"CynergisTek, Inc.",5.34,50739398.4,n/a,2017,Miscellaneous,Business Services,https://www.nasdaq.com/symbol/ctek
DXR,Daxor Corporation,3.63,13760437.02,n/a,n/a,Health Care,Medical/Dental Instruments,https://www.nasdaq.com/symbol/dxr
VCF,"Delaware Investments Colorado Municipal Income Fund, Inc",14.258,68967371.8,n/a,1993,n/a,n/a,https://www.nasdaq.com/symbol/vcf
VFL,Delaware Investments Florida Insured Municipal Income Fund,12.6801,57421110.08,n/a,1993,n/a,n/a,https://www.nasdaq.com/symbol/vfl
VMM,"Delaware Investments Minnesota Municipal Income Fund II, Inc.",12.93,148759326.8,n/a,1993,n/a,n/a,https://www.nasdaq.com/symbol/vmm
DLA,"Delta Apparel, Inc.",19.43,140116996.8,n/a,n/a,Consumer Non-Durables,Apparel,https://www.nasdaq.com/symbol/dla
DNN,Denison Mine Corp,0.4978,278361401.4,n/a,n/a,Basic Industries,Precious Metals,https://www.nasdaq.com/symbol/dnn
DGSE,"DGSE Companies, Inc.",0.9506,25612140.33,n/a,n/a,Consumer Services,Consumer Specialties,https://www.nasdaq.com/symbol/dgse
DSS,"Document Security Systems, Inc.",1.09,17918866.43,n/a,n/a,Consumer Durables,Containers/Packaging,https://www.nasdaq.com/symbol/dss
DPW,"DPW Holdings, Inc.",1.66,57576416.08,n/a,n/a,Capital Goods,Industrial Machinery/Components,https://www.nasdaq.com/symbol/dpw
DMF,"Dreyfus Municipal Income, Inc.",8.24,170949355.4,n/a,1988,n/a,n/a,https://www.nasdaq.com/symbol/dmf
GRF,"Eagle Capital Growth Fund, Inc.",7.9,28352918.3,n/a,n/a,n/a,n/a,https://www.nasdaq.com/symbol/grf
EVM,Eaton Vance California Municipal Bond Fund,10.6189,227184442,n/a,2002,n/a,n/a,https://www.nasdaq.com/symbol/evm
EIA,Eaton Vance California Municipal Bond Fund II,10.83,42089235.48,n/a,2002,n/a,n/a,https://www.nasdaq.com/symbol/eia
CEV,Eaton Vance California Municipal Income Trust,11.5389,83709815.47,n/a,1999,n/a,n/a,https://www.nasdaq.com/symbol/cev
EVV,Eaton Vance Limited Duration Income Fund,13.18,1530817697,n/a,2003,n/a,n/a,https://www.nasdaq.com/symbol/evv
MAB,Eaton Vance Massachusetts Municipal Bond Fund,12.7198,22495144.38,n/a,2002,n/a,n/a,https://www.nasdaq.com/symbol/mab
MMV,Eaton Vance Massachusetts Municipal Income Trust,12.5,34212762.5,n/a,1999,n/a,n/a,https://www.nasdaq.com/symbol/mmv
MIW,Eaton Vance Michigan Municipal Bond Fund,12.905,19358338.83,n/a,2002,n/a,n/a,https://www.nasdaq.com/symbol/miw
EMI,Eaton Vance Michigan Municipal Income Trust,12.35,24860475.9,n/a,1999,n/a,n/a,https://www.nasdaq.com/symbol/emi
EIM,Eaton Vance Municipal Bond Fund,11.84,807112080,n/a,2002,n/a,n/a,https://www.nasdaq.com/symbol/eim
EIV,Eaton Vance Municipal Bond Fund II,11.73,117456959.1,n/a,2002,n/a,n/a,https://www.nasdaq.com/symbol/eiv
EMJ,Eaton Vance New Jersey Municipal Bond Fund,11.82,30485742.12,n/a,2002,n/a,n/a,https://www.nasdaq.com/symbol/emj
EVJ,Eaton Vance New Jersey Municipal Income Trust,11.24,51683295.92,n/a,1999,n/a,n/a,https://www.nasdaq.com/symbol/evj
ENX,Eaton Vance New York Municipal Bond Fund,11.38,178231056.4,n/a,2002,n/a,n/a,https://www.nasdaq.com/symbol/enx
NYH,Eaton Vance New York Municipal Bond Fund II,10.95,27993784.5,n/a,2002,n/a,n/a,https://www.nasdaq.com/symbol/nyh
EVY,Eaton Vance New York Municipal Income Trust,12.2799,67241674.7,n/a,1999,n/a,n/a,https://www.nasdaq.com/symbol/evy
EIO,Eaton Vance Ohio Municipal Bond Fund,11.85,30074589,n/a,2002,n/a,n/a,https://www.nasdaq.com/symbol/eio
EVO,Eaton Vance Ohio Municipal Income Trust,12.54,35828748.78,n/a,1999,n/a,n/a,https://www.nasdaq.com/symbol/evo
EIP,Eaton Vance Pennsylvania Municipal Bond Fund,12.05,35668482,n/a,2002,n/a,n/a,https://www.nasdaq.com/symbol/eip
EVP,Eaton Vance Pennsylvania Municipal Income Trust,12.13,31550299.82,n/a,1999,n/a,n/a,https://www.nasdaq.com/symbol/evp
ELMD,"Electromed, Inc.",5.8,48061172.2,n/a,2011,Health Care,Biotechnology: Electromedical & Electrotherapeutic Apparatus,https://www.nasdaq.com/symbol/elmd
ELLO,Ellomay Capital Ltd.,9.24,98658898.8,n/a,n/a,Public Utilities,Electric Utilities: Central,https://www.nasdaq.com/symbol/ello
ECF,Ellsworth Growth and Income Fund Ltd.,9.11,117304896.8,n/a,1986,n/a,n/a,https://www.nasdaq.com/symbol/ecf
ECF^A,Ellsworth Growth and Income Fund Ltd.,23.99,0,n/a,n/a,n/a,n/a,https://www.nasdaq.com/symbol/ecf^a
EMAN,eMagin Corporation,1.6,71724204.8,n/a,n/a,Technology,Semiconductors,https://www.nasdaq.com/symbol/eman
MSN,Emerson Radio Corporation,1.42,33678128.64,n/a,n/a,Consumer Non-Durables,Consumer Electronics/Appliances,https://www.nasdaq.com/symbol/msn
EMX,EMX Royalty Corporation,0.9001,71779618.53,n/a,n/a,Basic Industries,Precious Metals,https://www.nasdaq.com/symbol/emx
UUUU,Energy Fuels Inc,1.59,118276513,n/a,n/a,Basic Industries,Mining & Quarrying of Nonmetallic Minerals (No Fuels),https://www.nasdaq.com/symbol/uuuu
UUUU.WS,Energy Fuels Inc,n/a,0,n/a,n/a,n/a,n/a,https://www.nasdaq.com/symbol/uuuu.ws
ENRJ,"EnerJex Resources, Inc.",0.1643,2512950.591,n/a,n/a,Energy,Oil & Gas Production,https://www.nasdaq.com/symbol/enrj
ENSV,ENSERVCO Corporation,0.85,43501894.15,n/a,n/a,Energy,Oilfield Services/Equipment,https://www.nasdaq.com/symbol/ensv
ESNC,"EnSync, Inc.",0.3748,21012022.98,n/a,n/a,Public Utilities,Electric Utilities: Central,https://www.nasdaq.com/symbol/esnc
EGI,Entree Resources Ltd.,0.4154,72102461.81,n/a,2017,Basic Industries,Precious Metals,https://www.nasdaq.com/symbol/egi
EVI,"EnviroStarm, Inc.",35.55,396531383.4,n/a,n/a,Consumer Services,Other Consumer Services,https://www.nasdaq.com/symbol/evi
ERN,Erin Energy Corp.,3.75,806078358.8,n/a,n/a,Energy,Oil & Gas Production,https://www.nasdaq.com/symbol/ern
ESP,Espey Mfg. & Electronics Corp.,26.82,63470146.86,n/a,n/a,Capital Goods,Industrial Machinery/Components,https://www.nasdaq.com/symbol/esp
EVBN,"Evans Bancorp, Inc.",42.75,204313450.5,n/a,n/a,Finance,Major Banks,https://www.nasdaq.com/symbol/evbn
EPM,"Evolution Petroleum Corporation, Inc.",7.9,262054960.6,n/a,n/a,Energy,Oil & Gas Production,https://www.nasdaq.com/symbol/epm
FEN,First Trust Energy Income and Growth Fund,24.16,468635796.3,n/a,2004,n/a,n/a,https://www.nasdaq.com/symbol/fen
BDL,"Flanigan&#39;s Enterprises, Inc.",22.68,42154113.96,n/a,n/a,Consumer Services,Restaurants,https://www.nasdaq.com/symbol/bdl
FSI,Flexible Solutions International Inc.,1.69,19473854.79,n/a,n/a,Basic Industries,Major Chemicals,https://www.nasdaq.com/symbol/fsi
FTF,Franklin Limited Duration Income Trust,11.38,257234953.9,n/a,2003,n/a,n/a,https://www.nasdaq.com/symbol/ftf
FSP,Franklin Street Properties Corp.,8.48,909320194.4,n/a,n/a,Consumer Services,Real Estate Investment Trusts,https://www.nasdaq.com/symbol/fsp
FRD,Friedman Industries Inc.,6.02,42196852.88,n/a,n/a,Capital Goods,Steel/Iron Ore,https://www.nasdaq.com/symbol/frd
FTNW,"FTE Networks, Inc.",21.96,122916620.2,n/a,n/a,Public Utilities,Telecommunications Equipment,https://www.nasdaq.com/symbol/ftnw
GGN,"GAMCO Global Gold, Natural Reources & Income Trust ",5.045,682659488.2,n/a,2005,n/a,n/a,https://www.nasdaq.com/symbol/ggn
GGN^B,"GAMCO Global Gold, Natural Reources & Income Trust ",23.35,0,n/a,n/a,n/a,n/a,https://www.nasdaq.com/symbol/ggn^b
GST,Gastar Exploration Inc.,0.78,170731444.3,n/a,n/a,Energy,Oil & Gas Production,https://www.nasdaq.com/symbol/gst
GST^A,Gastar Exploration Inc.,15.838,0,n/a,n/a,n/a,n/a,https://www.nasdaq.com/symbol/gst^a
GST^B,Gastar Exploration Inc.,16.884,0,n/a,n/a,n/a,n/a,https://www.nasdaq.com/symbol/gst^b
JOB,GEE Group Inc.,2.69,28095885.23,n/a,n/a,Technology,Diversified Commercial Services,https://www.nasdaq.com/symbol/job
GMO,"General Moly, Inc",0.3849,42788515.86,n/a,n/a,Basic Industries,Precious Metals,https://www.nasdaq.com/symbol/gmo
GSB,"GlobalSCAPE, Inc.",3.59,77442873.29,n/a,n/a,Technology,Computer Software: Prepackaged Software,https://www.nasdaq.com/symbol/gsb
GSAT,"Globalstar, Inc.",0.91,1145907205,n/a,2006,Consumer Services,Telecommunications Equipment,https://www.nasdaq.com/symbol/gsat
GLOW,"Glowpoint, Inc.",0.2849,12680782.48,n/a,n/a,Public Utilities,Telecommunications Equipment,https://www.nasdaq.com/symbol/glow
GORO,Gold Resource Corporation,4.47,254304933.5,n/a,n/a,Basic Industries,Precious Metals,https://www.nasdaq.com/symbol/goro
GSV,Gold Standard Ventures Corporation,1.65,385335507.2,n/a,n/a,Basic Industries,Mining & Quarrying of Nonmetallic Minerals (No Fuels),https://www.nasdaq.com/symbol/gsv
AUMN,Golden Minerals Company,0.4,36771883.6,n/a,n/a,Basic Industries,Precious Metals,https://www.nasdaq.com/symbol/aumn
GSS,"Golden Star Resources, Ltd",0.7193,273751967.2,n/a,n/a,Basic Industries,Precious Metals,https://www.nasdaq.com/symbol/gss
GV,Goldfield Corporation (The),4.75,120893931.5,n/a,n/a,Basic Industries,Water Supply,https://www.nasdaq.com/symbol/gv
GDP,Goodrich Petroleum Corporation,11.21,118136730.7,n/a,2017,Energy,Oil & Gas Production,https://www.nasdaq.com/symbol/gdp
GTE,Gran Tierra Energy Inc.,2.74,1055423455,n/a,n/a,Energy,Oil & Gas Production,https://www.nasdaq.com/symbol/gte
GPL,Great Panther Silver Limited,1.21,203742568.5,n/a,n/a,Basic Industries,Precious Metals,https://www.nasdaq.com/symbol/gpl
SIM,"Grupo Simec, S.A. de C.V.",9.89,1640781372,n/a,1993,Basic Industries,Steel/Iron Ore,https://www.nasdaq.com/symbol/sim
GVP,"GSE Systems, Inc.",3.5,67896696,n/a,n/a,Technology,Computer Software: Prepackaged Software,https://www.nasdaq.com/symbol/gvp
GLF,"GulfMark Offshore, Inc.",29.5,836979310,n/a,2017,Energy,Metal Fabrications,https://www.nasdaq.com/symbol/glf
GLF.WS,"GulfMark Offshore, Inc.",n/a,0,n/a,n/a,n/a,n/a,https://www.nasdaq.com/symbol/glf.ws
HEB,"Hemispherx BioPharma, Inc.",0.5277,16815871.31,n/a,n/a,Health Care,Biotechnology: Biological Products (No Diagnostic Substances),https://www.nasdaq.com/symbol/heb
HCAC,Hennessy Capital Acquisition Corp. III,9.88,316962750,n/a,2017,Finance,Business Services,https://www.nasdaq.com/symbol/hcac
HCAC.U,Hennessy Capital Acquisition Corp. III,n/a,0,n/a,2017,n/a,n/a,https://www.nasdaq.com/symbol/hcac.u
HCAC.WS,Hennessy Capital Acquisition Corp. III,n/a,0,n/a,n/a,n/a,n/a,https://www.nasdaq.com/symbol/hcac.ws
HLM^,Hillman Group Capital Trust,34.847,0,n/a,n/a,n/a,n/a,https://www.nasdaq.com/symbol/hlm^
HMG,"HMG/Courtland Properties, Inc.",15.25,15286478,n/a,n/a,Consumer Services,Real Estate Investment Trusts,https://www.nasdaq.com/symbol/hmg
HUSA,Houston American Energy Corporation,0.2761,15934825.46,n/a,n/a,Energy,Oil & Gas Production,https://www.nasdaq.com/symbol/husa
IBIO,"iBio, Inc.",0.1908,22002771.71,n/a,n/a,Health Care,Major Pharmaceuticals,https://www.nasdaq.com/symbol/ibio
IBO,IBO (Listing Market - NYSE Amex Network B F),22.22,0,n/a,n/a,n/a,n/a,https://www.nasdaq.com/symbol/ibo
IEC,IEC Electronics Corp.,4.15,42410136.5,n/a,n/a,Technology,Electrical Products,https://www.nasdaq.com/symbol/iec
IMUC,"ImmunoCellular Therapeutics, Ltd.",0.265,9326765.895,n/a,n/a,Health Care,Major Pharmaceuticals,https://www.nasdaq.com/symbol/imuc
IMUC.WS,"ImmunoCellular Therapeutics, Ltd.",n/a,0,n/a,n/a,n/a,n/a,https://www.nasdaq.com/symbol/imuc.ws
IMH,"Impac Mortgage Holdings, Inc.",8.93,187080633.5,n/a,1997,Consumer Services,Real Estate Investment Trusts,https://www.nasdaq.com/symbol/imh
IMO,Imperial Oil Limited,27.32,22709539827,n/a,n/a,Energy,Integrated oil Companies,https://www.nasdaq.com/symbol/imo
IOR,"Income Opportunity Realty Investors, Inc.",9.35,38972800.9,n/a,n/a,Consumer Services,Real Estate Investment Trusts,https://www.nasdaq.com/symbol/ior
IGC,India Globalization Capital Inc.,0.6808,19122632.42,n/a,n/a,Consumer Non-Durables,Electronic Components,https://www.nasdaq.com/symbol/igc
INFU,"InfuSystems Holdings, Inc.",2.3,52395697.4,n/a,n/a,Health Care,Medical/Dental Instruments,https://www.nasdaq.com/symbol/infu
IHT,InnSuites Hospitality Trust,1.6969,16546437.96,n/a,n/a,Consumer Services,Real Estate Investment Trusts,https://www.nasdaq.com/symbol/iht
NSPR,InspireMD Inc.,4.11,6886683.12,n/a,n/a,Health Care,Medical/Dental Instruments,https://www.nasdaq.com/symbol/nspr
NSPR.WS,InspireMD Inc.,n/a,0,n/a,n/a,n/a,n/a,https://www.nasdaq.com/symbol/nspr.ws
NSPR.WS.B,InspireMD Inc.,n/a,0,n/a,n/a,n/a,n/a,https://www.nasdaq.com/symbol/nspr.ws.b
IDN,"Intellicheck, Inc.",2.76,41363681.16,n/a,1999,Technology,Computer Software: Prepackaged Software,https://www.nasdaq.com/symbol/idn
INS,Intelligent Systems Corporation,4.7817,41973705.22,n/a,1992,Technology,Computer Software: Prepackaged Software,https://www.nasdaq.com/symbol/ins
THM,International Tower Hill Mines Ltd,0.4785,77705048.59,n/a,n/a,Basic Industries,Precious Metals,https://www.nasdaq.com/symbol/thm
INTT,inTest Corporation,7.65,79659893.7,n/a,1997,Capital Goods,Electrical Products,https://www.nasdaq.com/symbol/intt
INUV,"Inuvo, Inc",0.8635,24712143.83,n/a,n/a,Consumer Services,Advertising,https://www.nasdaq.com/symbol/inuv
VKI,Invesco Advantage Municipal Income Trust II,10.88,482980074.9,n/a,n/a,n/a,n/a,https://www.nasdaq.com/symbol/vki
ISR,"IsoRay, Inc.",0.4601,25351615.36,n/a,n/a,Health Care,Medical/Dental Instruments,https://www.nasdaq.com/symbol/isr
ISDR,Issuer Direct Corporation,17.7,52763593.8,n/a,n/a,Miscellaneous,Publishing,https://www.nasdaq.com/symbol/isdr
JRJR,"JRjr33, Inc.",0.12,5380526.76,n/a,2014,Consumer Services,Other Consumer Services,https://www.nasdaq.com/symbol/jrjr
KIQ,Kelso Technologies Inc,0.6762,31721726.7,n/a,n/a,Capital Goods,Railroads,https://www.nasdaq.com/symbol/kiq
KLDX,Klondex Mines Ltd.,1.52,273014719.4,n/a,n/a,Basic Industries,Precious Metals,https://www.nasdaq.com/symbol/kldx
LTS,Ladenburg Thalmann Financial Services Inc,3.29,652711887.6,n/a,n/a,Finance,Investment Bankers/Brokers/Service,https://www.nasdaq.com/symbol/lts
LTS^A,Ladenburg Thalmann Financial Services Inc,25.38,0,n/a,n/a,n/a,n/a,https://www.nasdaq.com/symbol/lts^a
LTSL,Ladenburg Thalmann Financial Services Inc,24.88,0,n/a,2017,Finance,Investment Bankers/Brokers/Service,https://www.nasdaq.com/symbol/ltsl
LAQ,"Latin America Equity Fund, Inc. (The)",28.8101,214592519.6,n/a,1991,n/a,n/a,https://www.nasdaq.com/symbol/laq
LEVB,"Level Brands, Inc.",4.05,32517158.4,n/a,2017,Consumer Non-Durables,Package Goods/Cosmetics,https://www.nasdaq.com/symbol/levb
LGL,"LGL Group, Inc. (The)",5.46,14608038.9,n/a,n/a,Capital Goods,Industrial Machinery/Components,https://www.nasdaq.com/symbol/lgl
LBY,"Libbey, Inc.",6.08,133857936.6,n/a,1993,Capital Goods,Industrial Machinery/Components,https://www.nasdaq.com/symbol/lby
LLEX,"Lilis Energy, Inc.",3.6,192156350.4,n/a,n/a,Energy,Oil & Gas Production,https://www.nasdaq.com/symbol/llex
LIQT,"LiqTech International, Inc.",0.36,15922535.04,n/a,n/a,Technology,Industrial Machinery/Components,https://www.nasdaq.com/symbol/liqt
MAG,MAG Silver Corporation,10.36,885560264.4,n/a,n/a,Basic Industries,Precious Metals,https://www.nasdaq.com/symbol/mag
MJCO,Majesco,5.65,206470351.3,n/a,2015,Technology,Computer Software: Prepackaged Software,https://www.nasdaq.com/symbol/mjco
MHH,"Mastech Digital, Inc",11.94,65132126.88,n/a,n/a,Consumer Services,Professional Services,https://www.nasdaq.com/symbol/mhh
MTNB,"Matinas Biopharma Holdings, Inc.",1.03,95738598.88,n/a,2017,Health Care,Major Pharmaceuticals,https://www.nasdaq.com/symbol/mtnb
MNI,McClatchy Company (The),8.64,66399566.4,n/a,1988,Consumer Services,Newspapers/Magazines,https://www.nasdaq.com/symbol/mni
IPB,"Merrill Lynch & Co., Inc. 6.0518% Index Plus Trust Certificate",27.51,0,n/a,n/a,Finance,Finance: Consumer Services,https://www.nasdaq.com/symbol/ipb
MXC,Mexco Energy Corporation,3.58,7293412.28,n/a,n/a,Energy,Oil & Gas Production,https://www.nasdaq.com/symbol/mxc
CCA,MFS California Insured Municipal Trust,10.76,29980319,n/a,1999,n/a,n/a,https://www.nasdaq.com/symbol/cca
MICR,"Micron Solutions, Inc.",3.51,9944367.03,n/a,n/a,Health Care,Biotechnology: Electromedical & Electrotherapeutic Apparatus,https://www.nasdaq.com/symbol/micr
MLSS,"Milestone Scientific, Inc.",0.9001,29694050.57,n/a,2015,Health Care,Industrial Specialties,https://www.nasdaq.com/symbol/mlss
MVF,"MuniVest Fund, Inc.",9.27,597892807.6,n/a,n/a,n/a,n/a,https://www.nasdaq.com/symbol/mvf
MZA,"MuniYield Arizona Fund, Inc.",16.16,74736170.08,n/a,1993,n/a,n/a,https://www.nasdaq.com/symbol/mza
MYO,Myomo Inc.,3.92,24703248.08,n/a,2017,Health Care,Industrial Specialties,https://www.nasdaq.com/symbol/myo
NNVC,"NanoViricides, Inc.",0.978,61941630,n/a,n/a,Health Care,Biotechnology: Commercial Physical & Biological Resarch,https://www.nasdaq.com/symbol/nnvc
ATEST,NASDAQ TEST STOCK,9.99,0,n/a,n/a,n/a,n/a,https://www.nasdaq.com/symbol/atest
ATEST.A,NASDAQ TEST STOCK,n/a,0,n/a,n/a,n/a,n/a,https://www.nasdaq.com/symbol/atest.a
ATEST.B,NASDAQ TEST STOCK,n/a,0,n/a,n/a,n/a,n/a,https://www.nasdaq.com/symbol/atest.b
ATEST.C,NASDAQ TEST STOCK,n/a,0,n/a,n/a,n/a,n/a,https://www.nasdaq.com/symbol/atest.c
NHC,National HealthCare Corporation,61.18,931434787.6,n/a,n/a,Health Care,Hospital/Nursing Management,https://www.nasdaq.com/symbol/nhc
NAVB,"Navidea Biopharmaceuticals, Inc.",0.359,58250135.91,n/a,n/a,Health Care,Biotechnology: In Vitro & In Vivo Diagnostic Substances,https://www.nasdaq.com/symbol/navb
NTIP,"Network-1 Technologies, Inc.",2.7,65153732.4,n/a,n/a,Miscellaneous,Multi-Sector Companies,https://www.nasdaq.com/symbol/ntip
NBW,Neuberger Berman California Intermediate Municipal Fund Inc.,13.15,72996228.6,n/a,2002,n/a,n/a,https://www.nasdaq.com/symbol/nbw
NHS,Neuberger Berman High Yield Strategies Fund,11.31,221004016.4,n/a,n/a,n/a,n/a,https://www.nasdaq.com/symbol/nhs
NBH,Neuberger Berman Intermediate Municipal Fund Inc.,14.22,267317073.2,n/a,2002,n/a,n/a,https://www.nasdaq.com/symbol/nbh
NML,Neuberger Berman MLP Income Fund Inc.,8.98,508797173.4,n/a,2013,n/a,n/a,https://www.nasdaq.com/symbol/nml
NBO,Neuberger Berman New York Intermediate Municipal Fund Inc.,11.78,59811972.26,n/a,2002,n/a,n/a,https://www.nasdaq.com/symbol/nbo
NRO,"Neuberger Berman Real Estate Securities Income Fund, Inc.",4.67,221449858.9,n/a,2003,n/a,n/a,https://www.nasdaq.com/symbol/nro
UWN,"Nevada Gold & Casinos, Inc.",2.35,39560327.7,n/a,n/a,Consumer Services,Services-Misc. Amusement & Recreation,https://www.nasdaq.com/symbol/uwn
NSU,Nevsun Resources Ltd,2.21,667889580.8,n/a,n/a,Basic Industries,Precious Metals,https://www.nasdaq.com/symbol/nsu
GBR,"New Concept Energy, Inc",1.5201,3400364.894,n/a,n/a,Energy,Oil & Gas Production,https://www.nasdaq.com/symbol/gbr
NEN,New England Realty Associates Limited Partnership,70.75,264008931.3,n/a,n/a,Consumer Services,Building operators,https://www.nasdaq.com/symbol/nen
NGD,New Gold Inc.,2.64,1527598612,n/a,n/a,Basic Industries,Precious Metals,https://www.nasdaq.com/symbol/ngd
NXE,Nexgen Energy Ltd.,2.15,729579615.4,n/a,n/a,Basic Industries,Precious Metals,https://www.nasdaq.com/symbol/nxe
HLTH,Nobilis Health Corp.,1.4,108927019.6,n/a,2015,Health Care,Hospital/Nursing Management,https://www.nasdaq.com/symbol/hlth
NAK,"Northern Dynasty Minerals, Ltd.",1.09,335979263,n/a,n/a,Basic Industries,Precious Metals,https://www.nasdaq.com/symbol/nak
NOG,"Northern Oil and Gas, Inc.",2.05,136985157.4,n/a,n/a,Energy,Oil & Gas Production,https://www.nasdaq.com/symbol/nog
NBY,"NovaBay Pharmaceuticals, Inc.",3.4,58088333.6,n/a,2007,Health Care,Major Pharmaceuticals,https://www.nasdaq.com/symbol/nby
NG,Novagold Resources Inc.,4.08,1314963147,n/a,n/a,Basic Industries,Precious Metals,https://www.nasdaq.com/symbol/ng
NTN,"NTN Buzztime, Inc.",6.44,16232367.76,n/a,n/a,Consumer Services,Broadcasting,https://www.nasdaq.com/symbol/ntn
NES,"Nuverra Environmental Solutions, Inc.",19.5,228063810,n/a,2017,Energy,Oilfield Services/Equipment,https://www.nasdaq.com/symbol/nes
OCX,OncoCyte Corporation,3.45,108423381.2,n/a,2015,Health Care,Biotechnology: In Vitro & In Vivo Diagnostic Substances,https://www.nasdaq.com/symbol/ocx
OGEN,Oragenics Inc.,1.69,8328886.15,n/a,n/a,Health Care,Major Pharmaceuticals,https://www.nasdaq.com/symbol/ogen
TIS,Orchids Paper Products Company,10.89,113572801,n/a,2005,Basic Industries,Paper,https://www.nasdaq.com/symbol/tis
ONP,"Orient Paper, Inc.",1.27,27241901.32,n/a,n/a,Consumer Durables,Containers/Packaging,https://www.nasdaq.com/symbol/onp
ORM,"Owens Realty Mortgage, Inc.",14.17,142294261.5,n/a,2013,Consumer Services,Real Estate Investment Trusts,https://www.nasdaq.com/symbol/orm
PCG^A,Pacific Gas & Electric Co.,27.5,0,n/a,n/a,n/a,n/a,https://www.nasdaq.com/symbol/pcg^a
PCG^B,Pacific Gas & Electric Co.,24.65,0,n/a,n/a,n/a,n/a,https://www.nasdaq.com/symbol/pcg^b
PCG^C,Pacific Gas & Electric Co.,22.88,0,n/a,n/a,n/a,n/a,https://www.nasdaq.com/symbol/pcg^c
PCG^D,Pacific Gas & Electric Co.,22.35,0,n/a,n/a,n/a,n/a,https://www.nasdaq.com/symbol/pcg^d
PCG^E,Pacific Gas & Electric Co.,22.3,0,n/a,n/a,n/a,n/a,https://www.nasdaq.com/symbol/pcg^e
PCG^G,Pacific Gas & Electric Co.,21.1984,0,n/a,n/a,n/a,n/a,https://www.nasdaq.com/symbol/pcg^g
PCG^H,Pacific Gas & Electric Co.,20.01,0,n/a,n/a,n/a,n/a,https://www.nasdaq.com/symbol/pcg^h
PCG^I,Pacific Gas & Electric Co.,19.21,0,n/a,n/a,n/a,n/a,https://www.nasdaq.com/symbol/pcg^i
PTN,"Palatin Technologies, Inc.",0.975,190488908,n/a,n/a,Health Care,Major Pharmaceuticals,https://www.nasdaq.com/symbol/ptn
PZG,Paramount Gold Nevada Corp.,1.28,29535941.12,n/a,2015,Basic Industries,Precious Metals,https://www.nasdaq.com/symbol/pzg
TEUM,Pareteum Corporation,1.94,83274046.04,n/a,n/a,Technology,EDP Services,https://www.nasdaq.com/symbol/teum
PRK,Park National Corporation,103.66,1584774190,n/a,n/a,Finance,Major Banks,https://www.nasdaq.com/symbol/prk
PED,Pedevco Corp.,0.2914,1773090.031,n/a,n/a,Energy,Oil & Gas Production,https://www.nasdaq.com/symbol/ped
PFNX,Pfenex Inc.,3.4,80064152,n/a,2014,Health Care,Major Pharmaceuticals,https://www.nasdaq.com/symbol/pfnx
HNW,Pioneer Diversified High Income Trust,15.25,127075047.5,n/a,2007,n/a,n/a,https://www.nasdaq.com/symbol/hnw
PLG,Platinum Group Metals Ltd.,0.3701,55851793.22,n/a,n/a,Basic Industries,Precious Metals,https://www.nasdaq.com/symbol/plg
PLYM,"Plymouth Industrial REIT, Inc.",16.94,64590288.84,n/a,2017,Consumer Services,Real Estate Investment Trusts,https://www.nasdaq.com/symbol/plym
PLYM^A,"Plymouth Industrial REIT, Inc.",24.96,0,n/a,n/a,n/a,n/a,https://www.nasdaq.com/symbol/plym^a
PLM,Polymet Mining Corp.,1.21,386417248.6,n/a,n/a,Basic Industries,Precious Metals,https://www.nasdaq.com/symbol/plm
PW,Power REIT,6.145,11228998.16,n/a,n/a,Consumer Services,Real Estate Investment Trusts,https://www.nasdaq.com/symbol/pw
PW^A,Power REIT,25.75,0,n/a,n/a,n/a,n/a,https://www.nasdaq.com/symbol/pw^a
PLX,"Protalix BioTherapeutics, Inc.",0.6701,96494400,n/a,n/a,Health Care,Biotechnology: Biological Products (No Diagnostic Substances),https://www.nasdaq.com/symbol/plx
RLGT,"Radiant Logistics, Inc.",3.91,192926856.4,n/a,n/a,Transportation,Oil Refining/Marketing,https://www.nasdaq.com/symbol/rlgt
RLGT^A,"Radiant Logistics, Inc.",25.78,0,n/a,n/a,n/a,n/a,https://www.nasdaq.com/symbol/rlgt^a
UTG,Reaves Utility Income Fund,28.58,1390309625,n/a,2004,n/a,n/a,https://www.nasdaq.com/symbol/utg
REED,"Reeds, Inc.",1.55,38160366.05,n/a,n/a,Consumer Non-Durables,Beverages (Production/Distribution),https://www.nasdaq.com/symbol/reed
RHE,"Regional Health Properties, Inc.",0.205,4075176.14,n/a,2017,Consumer Services,Real Estate Investment Trusts,https://www.nasdaq.com/symbol/rhe
RHE^A,"Regional Health Properties, Inc.",7.175,0,n/a,n/a,n/a,n/a,https://www.nasdaq.com/symbol/rhe^a
RWC,RELM Wireless Corporation,3.65,50532731.6,n/a,n/a,Technology,Radio And Television Broadcasting And Communications Equipment,https://www.nasdaq.com/symbol/rwc
RCG,"RENN Fund, Inc.",1.37,6115634.79,n/a,n/a,n/a,n/a,https://www.nasdaq.com/symbol/rcg
RVP,"Retractable Technologies, Inc.",0.9086,29680740.1,n/a,n/a,Health Care,Medical/Dental Instruments,https://www.nasdaq.com/symbol/rvp
RNN,"Rexahn Pharmaceuticals, Inc.",1.74,55201698.36,n/a,n/a,Health Care,Major Pharmaceuticals,https://www.nasdaq.com/symbol/rnn
REI,"Ring Energy, Inc.",14.65,793442769.4,n/a,n/a,Energy,Oil & Gas Production,https://www.nasdaq.com/symbol/rei
RIF,RMR Real Estate Income Fund,16.77,171087690.9,n/a,n/a,n/a,n/a,https://www.nasdaq.com/symbol/rif
SACH,Sachem Capital Corp.,3.52,54263394.24,n/a,2017,Consumer Services,Real Estate Investment Trusts,https://www.nasdaq.com/symbol/sach
SGA,"Saga Communications, Inc.",39.75,234803369.3,n/a,n/a,Consumer Services,Broadcasting,https://www.nasdaq.com/symbol/sga
SNMP,Sanchez Midstream Partners LP,10.8,159604473.6,n/a,n/a,Energy,Oil & Gas Production,https://www.nasdaq.com/symbol/snmp
SAND          ,Sandstorm Gold Ltd,4.66,851314439.3,n/a,n/a,Basic Industries,Precious Metals,https://www.nasdaq.com/symbol/sand
SEB,Seaboard Corporation,4050.03,4740762617,n/a,1996,Finance,Investment Bankers/Brokers/Service,https://www.nasdaq.com/symbol/seb
SENS,"Senseonics Holdings, Inc.",2.94,402058106.5,n/a,n/a,Capital Goods,Industrial Machinery/Components,https://www.nasdaq.com/symbol/sens
SVT,"Servotronics, Inc.",9.7,24357437.2,n/a,n/a,Capital Goods,Industrial Machinery/Components,https://www.nasdaq.com/symbol/svt
SMTS,Sierra Metals Inc.,2.4,390750631.2,n/a,n/a,Basic Industries,Precious Metals,https://www.nasdaq.com/symbol/smts
SIF,"SIFCO Industries, Inc.",5.75,32455380.5,n/a,n/a,Capital Goods,Aerospace,https://www.nasdaq.com/symbol/sif
SVM,Silvercorp Metals Inc.,2.63,440962250.7,n/a,n/a,Basic Industries,Precious Metals,https://www.nasdaq.com/symbol/svm
SKY,Skyline Corporation,21.17,177642635.5,n/a,n/a,Basic Industries,Homebuilding,https://www.nasdaq.com/symbol/sky
XPL,Solitario Zinc Corp.,0.504,29456464.46,n/a,n/a,Basic Industries,Precious Metals,https://www.nasdaq.com/symbol/xpl
SCE^B,Southern California Edison Company,20.9071,0,n/a,n/a,n/a,n/a,https://www.nasdaq.com/symbol/sce^b
SCE^C,Southern California Edison Company,21.5639,0,n/a,n/a,n/a,n/a,https://www.nasdaq.com/symbol/sce^c
SCE^D,Southern California Edison Company,22.47,0,n/a,n/a,n/a,n/a,https://www.nasdaq.com/symbol/sce^d
SCE^E,Southern California Edison Company,24.024,0,n/a,n/a,n/a,n/a,https://www.nasdaq.com/symbol/sce^e
SGB,Southwest Georgia Financial Corporation,20.8038,52872961.72,n/a,n/a,Finance,Major Banks,https://www.nasdaq.com/symbol/sgb
LOV,"Spark Networks, Inc.",15.11,0,n/a,2017,Consumer Services,Other Consumer Services,https://www.nasdaq.com/symbol/lov
SRCI,SRC Energy Inc.,9.15,2208283042,n/a,n/a,Energy,Oil & Gas Production,https://www.nasdaq.com/symbol/srci
SGY.WS,Stone Energy Corporation,n/a,0,n/a,n/a,n/a,n/a,https://www.nasdaq.com/symbol/sgy.ws
STRP,Straight Path Communications Inc.,183.43,2342002507,n/a,2013,Public Utilities,Telecommunications Equipment,https://www.nasdaq.com/symbol/strp
SSY,"SunLink Health Systems, Inc.",1.46,10828548.44,n/a,n/a,Health Care,Hospital/Nursing Management,https://www.nasdaq.com/symbol/ssy
SDPI,"Superior Drilling Products, Inc.",1.4805,35995858.42,n/a,2014,Energy,Metal Fabrications,https://www.nasdaq.com/symbol/sdpi
SYN,"Synthetic Biologics, Inc",0.38,48855415.54,n/a,n/a,Health Care,Major Pharmaceuticals,https://www.nasdaq.com/symbol/syn
TKAT,"Takung Art Co., Ltd.",2.01,22489652.82,n/a,n/a,Consumer Services,Other Specialty Stores,https://www.nasdaq.com/symbol/tkat
TRX,Tanzanian Royalty Exploration Corporation,0.3601,44020309.27,n/a,n/a,Basic Industries,Precious Metals,https://www.nasdaq.com/symbol/trx
TGB,Taseko Mines Limited,1.54,349579590.4,n/a,n/a,Basic Industries,Precious Metals,https://www.nasdaq.com/symbol/tgb
TIK,Tel-Instrument Electronics Corp.,2.3999,7813803.211,n/a,n/a,Capital Goods,Electrical Products,https://www.nasdaq.com/symbol/tik
TGC,"Tengasco, Inc.",0.7,7433946.8,n/a,n/a,Energy,Oil & Gas Production,https://www.nasdaq.com/symbol/tgc
GLU,The Gabelli Global Utility and Income Trust,19.16,78772450.52,n/a,2004,n/a,n/a,https://www.nasdaq.com/symbol/glu
GLU^A,The Gabelli Global Utility and Income Trust,50.3181,0,n/a,n/a,n/a,n/a,https://www.nasdaq.com/symbol/glu^a
GGO,The Gabelli Go Anywhere Trust,17.23,27744297.36,n/a,2016,n/a,n/a,https://www.nasdaq.com/symbol/ggo
GGO^A,The Gabelli Go Anywhere Trust,43,0,n/a,n/a,n/a,n/a,https://www.nasdaq.com/symbol/ggo^a
TMP,Tompkins Financial Corporation,80.8,1228422600,n/a,n/a,Finance,Major Banks,https://www.nasdaq.com/symbol/tmp
TAT,Transatlantic Petroleum Ltd,1.56,78497883.36,n/a,n/a,Energy,Oil & Gas Production,https://www.nasdaq.com/symbol/tat
TRXC,"TransEnterix, Inc.",1.69,336718172.2,n/a,n/a,Health Care,Medical/Dental Instruments,https://www.nasdaq.com/symbol/trxc
TMQ,Trilogy Metals Inc.,1.45,154412867.9,n/a,n/a,Basic Industries,Precious Metals,https://www.nasdaq.com/symbol/tmq
TPHS,Trinity Place Holdings Inc.,6.14,193114027.4,n/a,n/a,Consumer Services,Building operators,https://www.nasdaq.com/symbol/tphs
TRT,Trio-Tech International,5.8404,20751262.42,n/a,n/a,Technology,Industrial Machinery/Components,https://www.nasdaq.com/symbol/trt
HTM,U.S. Geothermal Inc.,5.36,104251914.2,n/a,n/a,Public Utilities,Electric Utilities: Central,https://www.nasdaq.com/symbol/htm
UFAB,"Unique Fabricating, Inc.",7.92,77279898.96,n/a,2015,Capital Goods,Auto Parts:O.E.M.,https://www.nasdaq.com/symbol/ufab
UAMY,United States Antimony Corporation,0.2819,19024910.33,n/a,n/a,Capital Goods,Metal Fabrications,https://www.nasdaq.com/symbol/uamy
UUU,"Universal Security Instruments, Inc.",1.5,3469330.5,n/a,n/a,Consumer Non-Durables,Electronic Components,https://www.nasdaq.com/symbol/uuu
UQM,UQM Technologies Inc.,1.36,73514088.72,n/a,n/a,Capital Goods,Industrial Machinery/Components,https://www.nasdaq.com/symbol/uqm
URG,Ur Energy Inc,0.6708,98293620.66,n/a,n/a,Basic Industries,Precious Metals,https://www.nasdaq.com/symbol/urg
UEC,Uranium Energy Corp.,1.42,221967775.7,n/a,n/a,Basic Industries,Precious Metals,https://www.nasdaq.com/symbol/uec
VII,"Vicon Industries, Inc.",0.3852,6761270.38,n/a,n/a,Consumer Durables,Telecommunications Equipment,https://www.nasdaq.com/symbol/vii
VHC,VirnetX Holding Corp,3.95,232402488.4,n/a,n/a,Miscellaneous,Multi-Sector Companies,https://www.nasdaq.com/symbol/vhc
VGZ,Vista Gold Corporation,0.7817,77710365.87,n/a,n/a,Basic Industries,Precious Metals,https://www.nasdaq.com/symbol/vgz
VNRX,VolitionRX Limited,2.99,79290913,n/a,2015,Health Care,Biotechnology: In Vitro & In Vivo Diagnostic Substances,https://www.nasdaq.com/symbol/vnrx
VISI,"Volt Information Sciences, Inc.",4.3,90423534.7,n/a,n/a,Technology,Professional Services,https://www.nasdaq.com/symbol/visi
EAD,Wells Fargo Income Opportunities Fund,8.15,574731920.1,n/a,2003,n/a,n/a,https://www.nasdaq.com/symbol/ead
ERC,Wells Fargo Multi-Sector Income Fund,13.01,454565288.8,n/a,2003,n/a,n/a,https://www.nasdaq.com/symbol/erc
ERH,Wells Fargo Utilities and High Income Fund,12.17,112501390.7,n/a,2004,n/a,n/a,https://www.nasdaq.com/symbol/erh
WRN,Western Copper and Gold Corporation,0.886,88209274.89,n/a,2011,Basic Industries,Precious Metals,https://www.nasdaq.com/symbol/wrn
WYY,WidePoint Corporation,0.48,39855166.56,n/a,n/a,Technology,EDP Services,https://www.nasdaq.com/symbol/wyy
WTT,"Wireless Telecom Group,  Inc.",2.18,49683654.06,n/a,n/a,Capital Goods,Electrical Products,https://www.nasdaq.com/symbol/wtt
XTNT,"Xtant Medical Holdings, Inc.",5.9694,78081435.37,n/a,n/a,Health Care,Biotechnology: Biological Products (No Diagnostic Substances),https://www.nasdaq.com/symbol/xtnt
YUMA,"Yuma Energy, Inc.",1.17,26514256.86,n/a,n/a,Energy,Oil & Gas Production,https://www.nasdaq.com/symbol/yuma
ZDGE,"Zedge, Inc.",3.25,32390627.75,n/a,2016,Technology,Computer Software: Prepackaged Software,https://www.nasdaq.com/symbol/zdge
ZOM,Zomedica Pharmaceuticals Corp.,2.06,186326730.1,n/a,2017,Health Care,Major Pharmaceuticals,https://www.nasdaq.com/symbol/zom
